,HUMIDITY,LIGHT_INTENSITY,LPG_CONCENTRATION,TEMPERATURE,MOTOR,SMOKE,BATTERY_VOLTAGE,CARBON_MONOXIDE,TIMESTAMP
0,{'S': '49.2873'},{'S': '31.9719'},{'S': '0'},{'S': '36.9083'},{'S': '0'},{'S': 'sensor_char7'},{'S': '12.1825'},{'S': '0'},"{'S': '05/15/2023, 17:19:44'}"
1,{'S': '49.6758'},{'S': '26.96'},{'S': '9'},{'S': '36.5446'},{'S': '0'},{'S': 'sensor_char7'},{'S': '12.5395'},{'S': '-1'},"{'S': '05/15/2023, 15:38:01'}"
2,{'S': '49.3577'},{'S': '28.7621'},{'S': '0'},{'S': '36.9458'},{'S': '0'},{'S': 'sensor_char7'},{'S': '12.1865'},{'S': '0'},"{'S': '05/15/2023, 17:18:30'}"
3,{'S': '49.7722'},{'S': '22.919'},{'S': '0'},{'S': '36.4483'},{'S': '0'},{'S': 'sensor_char7'},{'S': '12.5312'},{'S': '0'},"{'S': '05/15/2023, 15:37:09'}"
4,{'S': '53.2891'},{'S': '18.9303'},{'S': '0'},{'S': '36.1594'},{'S': '0'},{'S': 'sensor_char7'},{'S': '12.5001'},{'S': '0'},"{'S': '05/15/2023, 15:06:42'}"
5,{'S': '49.3421'},{'S': '30.6316'},{'S': '0'},{'S': '36.903'},{'S': '0'},{'S': 'sensor_char7'},{'S': '12.1911'},{'S': '0'},"{'S': '05/15/2023, 17:18:08'}"
6,{'S': '52.5174'},{'S': '116.083'},{'S': '0'},{'S': '36.4055'},{'S': '0'},{'S': 'sensor_char7'},{'S': '12.5489'},{'S': '0'},"{'S': '05/15/2023, 15:11:07'}"
7,{'S': '52.3767'},{'S': '178.883'},{'S': '0'},{'S': '12'},{'S': '0'},{'S': 'sensor_char7'},{'S': '12.5572'},{'S': '0'},"{'S': '05/15/2023, 15:15:50'}"
8,{'S': '49.2899'},{'S': '19.334'},{'S': '0'},{'S': '37.0902'},{'S': '0'},{'S': 'sensor_char7'},{'S': '12.3087'},{'S': '0'},"{'S': '05/15/2023, 16:43:41'}"
9,{'S': '49.6158'},{'S': '4.92183'},{'S': '0'},{'S': '12'},{'S': '0'},{'S': 'sensor_char7'},{'S': '12.4999'},{'S': '0'},"{'S': '05/15/2023, 15:21:20'}"
10,{'S': '49.3603'},{'S': '31.2533'},{'S': '0'},{'S': '36.903'},{'S': '0'},{'S': 'sensor_char7'},{'S': '12.1778'},{'S': '0'},"{'S': '05/15/2023, 17:19:37'}"
11,{'S': '49.1778'},{'S': '26.5959'},{'S': '0'},{'S': '37.1544'},{'S': '0'},{'S': 'sensor_char7'},{'S': '12.3429'},{'S': '0'},"{'S': '05/15/2023, 16:45:32'}"
12,{'S': '49.3004'},{'S': '31.72'},{'S': '0'},{'S': '36.919'},{'S': '0'},{'S': 'sensor_char7'},{'S': '12.1714'},{'S': '0'},"{'S': '05/15/2023, 17:19:59'}"
13,{'S': '49.2482'},{'S': '19.334'},{'S': '0'},{'S': '37.0207'},{'S': '0'},{'S': 'sensor_char7'},{'S': '12.3397'},{'S': '0'},"{'S': '05/15/2023, 16:40:09'}"
14,{'S': '52.7338'},{'S': '41.4379'},{'S': '0'},{'S': '36.2503'},{'S': '0'},{'S': 'sensor_char7'},{'S': '12.5602'},{'S': '0'},"{'S': '05/15/2023, 15:08:47'}"
15,{'S': '52.653'},{'S': '109.156'},{'S': '0'},{'S': '36.4162'},{'S': '0'},{'S': 'sensor_char7'},{'S': '12.5593'},{'S': '0'},"{'S': '05/15/2023, 15:10:53'}"
16,{'S': '52.9215'},{'S': '42.9556'},{'S': '0'},{'S': '36.154'},{'S': '0'},{'S': 'sensor_char7'},{'S': '12.5297'},{'S': '0'},"{'S': '05/15/2023, 15:07:18'}"
17,{'S': '49.2169'},{'S': '19.6236'},{'S': '0'},{'S': '36.812'},{'S': '0'},{'S': 'sensor_char7'},{'S': '12.1546'},{'S': '0'},"{'S': '05/15/2023, 17:23:11'}"
18,{'S': '50.6847'},{'S': '24.2461'},{'S': '0'},{'S': '36.3092'},{'S': '0'},{'S': 'sensor_char7'},{'S': '12.4171'},{'S': '0'},"{'S': '05/15/2023, 15:34:19'}"
19,{'S': '52.6921'},{'S': '63466.4'},{'S': '0'},{'S': '36.3252'},{'S': '0'},{'S': 'sensor_char7'},{'S': '12.5512'},{'S': '0'},"{'S': '05/15/2023, 15:09:39'}"
20,{'S': '49.5558'},{'S': '20.4901'},{'S': '11'},{'S': '37.0956'},{'S': '0'},{'S': 'sensor_char7'},{'S': '12.3248'},{'S': '331'},"{'S': '05/15/2023, 16:44:23'}"
21,{'S': '49.3316'},{'S': '31.3621'},{'S': '0'},{'S': '36.8976'},{'S': '0'},{'S': 'sensor_char7'},{'S': '12.1654'},{'S': '0'},"{'S': '05/15/2023, 17:19:15'}"
22,{'S': '49.1153'},{'S': '18.3868'},{'S': '0'},{'S': '37.0635'},{'S': '0'},{'S': 'sensor_char7'},{'S': '12.3445'},{'S': '0'},"{'S': '05/15/2023, 16:40:37'}"
23,{'S': '49.7957'},{'S': '23.9079'},{'S': '0'},{'S': '36.475'},{'S': '0'},{'S': 'sensor_char7'},{'S': '12.5314'},{'S': '0'},"{'S': '05/15/2023, 15:37:17'}"
24,{'S': '49.2482'},{'S': '28.4784'},{'S': '0'},{'S': '37.0474'},{'S': '0'},{'S': 'sensor_char7'},{'S': '12.3056'},{'S': '0'},"{'S': '05/15/2023, 16:43:04'}"
25,{'S': '50.2571'},{'S': '17.1653'},{'S': '0'},{'S': '36.8067'},{'S': '0'},{'S': 'sensor_char7'},{'S': '12.4646'},{'S': '0'},"{'S': '05/15/2023, 15:40:42'}"
26,{'S': '53.1926'},{'S': '29.243'},{'S': '0'},{'S': '36.1005'},{'S': '0'},{'S': 'sensor_char7'},{'S': '12.5408'},{'S': '0'},"{'S': '05/15/2023, 15:04:32'}"
27,{'S': '76.7472'},{'S': '27.6739'},{'S': '3701'},{'S': '37.1865'},{'S': '0'},{'S': 'sensor_char7'},{'S': '12.3556'},{'S': '-24513'},"{'S': '05/15/2023, 16:47:08'}"
28,{'S': '50.1841'},{'S': '52.7479'},{'S': '0'},{'S': '36.8014'},{'S': '0'},{'S': 'sensor_char7'},{'S': '12.2855'},{'S': '0'},"{'S': '05/15/2023, 16:38:00'}"
29,{'S': '49.1518'},{'S': '19.1802'},{'S': '0'},{'S': '37.0421'},{'S': '1'},{'S': 'sensor_char7'},{'S': '12.3346'},{'S': '1'},"{'S': '05/15/2023, 16:41:02'}"
30,{'S': '49.3655'},{'S': '27.7511'},{'S': '0'},{'S': '36.7158'},{'S': '0'},{'S': 'sensor_char7'},{'S': '12.4813'},{'S': '0'},"{'S': '05/15/2023, 15:24:27'}"
31,{'S': '52.7234'},{'S': '41.4966'},{'S': '0'},{'S': '36.138'},{'S': '0'},{'S': 'sensor_char7'},{'S': '12.5557'},{'S': '0'},"{'S': '05/15/2023, 15:08:32'}"
32,{'S': '49.2508'},{'S': '25.8631'},{'S': '0'},{'S': '37.0474'},{'S': '0'},{'S': 'sensor_char7'},{'S': '12.3018'},{'S': '0'},"{'S': '05/15/2023, 16:43:17'}"
33,{'S': '50.2806'},{'S': '30.2303'},{'S': '0'},{'S': '36.2771'},{'S': '0'},{'S': 'sensor_char7'},{'S': '12.4675'},{'S': '0'},"{'S': '05/15/2023, 15:35:18'}"
34,{'S': '50.2545'},{'S': '29.8169'},{'S': '0'},{'S': '36.2878'},{'S': '0'},{'S': 'sensor_char7'},{'S': '12.4684'},{'S': '0'},"{'S': '05/15/2023, 15:35:26'}"
35,{'S': '52.4288'},{'S': '158.901'},{'S': '0'},{'S': '36.459'},{'S': '0'},{'S': 'sensor_char7'},{'S': '12.5567'},{'S': '0'},"{'S': '05/15/2023, 15:12:36'}"
36,{'S': '48.9927'},{'S': '32.7976'},{'S': '0'},{'S': '36.8816'},{'S': '0'},{'S': 'sensor_char7'},{'S': '12.1596'},{'S': '0'},"{'S': '05/15/2023, 17:24:48'}"
37,{'S': '52.58'},{'S': '47.6541'},{'S': '0'},{'S': '36.2771'},{'S': '0'},{'S': 'sensor_char7'},{'S': '12.5494'},{'S': '0'},"{'S': '05/15/2023, 15:10:23'}"
38,{'S': '49.4072'},{'S': '31.9297'},{'S': '0'},{'S': '36.689'},{'S': '0'},{'S': 'sensor_char7'},{'S': '12.4979'},{'S': '0'},"{'S': '05/15/2023, 15:23:21'}"
39,{'S': '49.1648'},{'S': '20.3052'},{'S': '0'},{'S': '36.8228'},{'S': '0'},{'S': 'sensor_char7'},{'S': '12.1483'},{'S': '0'},"{'S': '05/15/2023, 17:23:26'}"
40,{'S': '49.1909'},{'S': '19.994'},{'S': '0'},{'S': '37.0153'},{'S': '0'},{'S': 'sensor_char7'},{'S': '12.3049'},{'S': '0'},"{'S': '05/15/2023, 16:42:11'}"
41,{'S': '49.1935'},{'S': '21.8651'},{'S': '0'},{'S': '37.0474'},{'S': '1'},{'S': 'sensor_char7'},{'S': '12.3104'},{'S': '0'},"{'S': '05/15/2023, 16:42:11'}"
42,{'S': '48.9223'},{'S': '33.0147'},{'S': '0'},{'S': '36.8816'},{'S': '0'},{'S': 'sensor_char7'},{'S': '12.1596'},{'S': '0'},"{'S': '05/15/2023, 17:24:55'}"
43,{'S': '50.2702'},{'S': '18.493'},{'S': '0'},{'S': '36.7211'},{'S': '0'},{'S': 'sensor_char7'},{'S': '12.475'},{'S': '0'},"{'S': '05/15/2023, 15:40:20'}"
44,{'S': '49.1544'},{'S': '21.0237'},{'S': '0'},{'S': '36.8281'},{'S': '0'},{'S': 'sensor_char7'},{'S': '12.1522'},{'S': '0'},"{'S': '05/15/2023, 17:24:03'}"
45,{'S': '49.3786'},{'S': '26.7405'},{'S': '0'},{'S': '36.9511'},{'S': '0'},{'S': 'sensor_char7'},{'S': '12.196'},{'S': '0'},"{'S': '05/15/2023, 17:17:31'}"
46,{'S': '49.2639'},{'S': '31.3121'},{'S': '0'},{'S': '36.9297'},{'S': '0'},{'S': 'sensor_char7'},{'S': '12.1736'},{'S': '0'},"{'S': '05/15/2023, 17:20:21'}"
47,{'S': '49.6158'},{'S': '4.92183'},{'S': '0'},{'S': '12'},{'S': '0'},{'S': 'sensor_char7'},{'S': '12.4999'},{'S': '0'},"{'S': '05/15/2023, 15:19:32'}"
48,{'S': '48.865'},{'S': '32.3755'},{'S': '0'},{'S': '36.8602'},{'S': '0'},{'S': 'sensor_char7'},{'S': '12.1544'},{'S': '0'},"{'S': '05/15/2023, 17:25:25'}"
49,{'S': '48.9771'},{'S': '25.0585'},{'S': '-1'},{'S': '37.1919'},{'S': '0'},{'S': 'sensor_char7'},{'S': '12.3585'},{'S': '-1'},"{'S': '05/15/2023, 16:47:23'}"
50,{'S': '50.2311'},{'S': '35.39'},{'S': '0'},{'S': '36.566'},{'S': '0'},{'S': 'sensor_char7'},{'S': '12.4992'},{'S': '0'},"{'S': '05/15/2023, 15:38:53'}"
51,{'S': '48.7138'},{'S': '35.694'},{'S': '-1'},{'S': '37.2347'},{'S': '0'},{'S': 'sensor_char7'},{'S': '12.3667'},{'S': '-1'},"{'S': '05/15/2023, 16:48:14'}"
52,{'S': '49.303'},{'S': '31.8036'},{'S': '0'},{'S': '36.6676'},{'S': '0'},{'S': 'sensor_char7'},{'S': '12.4845'},{'S': '0'},"{'S': '05/15/2023, 15:22:59'}"
53,{'S': '50.3223'},{'S': '25.7492'},{'S': '0'},{'S': '36.7051'},{'S': '0'},{'S': 'sensor_char7'},{'S': '12.4846'},{'S': '0'},"{'S': '05/15/2023, 15:39:23'}"
54,{'S': '51.1096'},{'S': '16.8026'},{'S': '0'},{'S': '36.2931'},{'S': '0'},{'S': 'sensor_char7'},{'S': '12.4087'},{'S': '0'},"{'S': '05/15/2023, 15:34:12'}"
55,{'S': '50.1059'},{'S': '20.8756'},{'S': '0'},{'S': '36.8495'},{'S': '0'},{'S': 'sensor_char7'},{'S': '12.4671'},{'S': '0'},"{'S': '05/15/2023, 15:41:27'}"
56,{'S': '49.0501'},{'S': '22.6794'},{'S': '0'},{'S': '37.2026'},{'S': '0'},{'S': 'sensor_char7'},{'S': '12.3549'},{'S': '0'},"{'S': '05/15/2023, 16:46:39'}"
57,{'S': '49.376'},{'S': '27.4697'},{'S': '0'},{'S': '36.3038'},{'S': '0'},{'S': 'sensor_char7'},{'S': '12.5005'},{'S': '0'},"{'S': '05/15/2023, 15:19:02'}"
58,{'S': '49.2691'},{'S': '19.4859'},{'S': '0'},{'S': '37.0474'},{'S': '0'},{'S': 'sensor_char7'},{'S': '12.3363'},{'S': '0'},"{'S': '05/15/2023, 16:40:01'}"
59,{'S': '52.6165'},{'S': '115.108'},{'S': '0'},{'S': '36.4001'},{'S': '0'},{'S': 'sensor_char7'},{'S': '12.5606'},{'S': '0'},"{'S': '05/15/2023, 15:11:00'}"
60,{'S': '49.2534'},{'S': '31.2804'},{'S': '0'},{'S': '36.9137'},{'S': '0'},{'S': 'sensor_char7'},{'S': '12.1744'},{'S': '0'},"{'S': '05/15/2023, 17:20:29'}"
61,{'S': '49.1961'},{'S': '23.6056'},{'S': '-1'},{'S': '37.0474'},{'S': '0'},{'S': 'sensor_char7'},{'S': '12.3158'},{'S': '-1'},"{'S': '05/15/2023, 16:42:24'}"
62,{'S': '49.0788'},{'S': '22.0403'},{'S': '0'},{'S': '37.1812'},{'S': '0'},{'S': 'sensor_char7'},{'S': '12.3498'},{'S': '0'},"{'S': '05/15/2023, 16:46:01'}"
63,{'S': '52.7416'},{'S': '41.1975'},{'S': '0'},{'S': '36.2931'},{'S': '0'},{'S': 'sensor_char7'},{'S': '12.5537'},{'S': '0'},"{'S': '05/15/2023, 15:09:02'}"
64,{'S': '49.2899'},{'S': '28.9989'},{'S': '0'},{'S': '36.9511'},{'S': '0'},{'S': 'sensor_char7'},{'S': '12.1926'},{'S': '0'},"{'S': '05/15/2023, 17:17:38'}"
65,{'S': '48.805'},{'S': '27.3975'},{'S': '-1'},{'S': '37.1865'},{'S': '0'},{'S': 'sensor_char7'},{'S': '12.3621'},{'S': '-1'},"{'S': '05/15/2023, 16:47:37'}"
66,{'S': '49.8061'},{'S': '43.2453'},{'S': '0'},{'S': '12'},{'S': '0'},{'S': 'sensor_char7'},{'S': '12.4913'},{'S': '0'},"{'S': '05/15/2023, 15:18:44'}"
67,{'S': '49.8087'},{'S': '17.9775'},{'S': '0'},{'S': '36.4162'},{'S': '0'},{'S': 'sensor_char7'},{'S': '12.5224'},{'S': '0'},"{'S': '05/15/2023, 15:36:40'}"
68,{'S': '49.6158'},{'S': '4.92183'},{'S': '0'},{'S': '12'},{'S': '0'},{'S': 'sensor_char7'},{'S': '12.4999'},{'S': '0'},"{'S': '05/15/2023, 15:21:16'}"
69,{'S': '49.7279'},{'S': '19.6726'},{'S': '0'},{'S': '37.026'},{'S': '0'},{'S': 'sensor_char7'},{'S': '12.3264'},{'S': '0'},"{'S': '05/15/2023, 16:39:42'}"
70,{'S': '49.3369'},{'S': '30.5619'},{'S': '0'},{'S': '36.9244'},{'S': '0'},{'S': 'sensor_char7'},{'S': '12.1689'},{'S': '0'},"{'S': '05/15/2023, 17:18:52'}"
71,{'S': '50.218'},{'S': '21.6175'},{'S': '0'},{'S': '36.9618'},{'S': '0'},{'S': 'sensor_char7'},{'S': '12.3066'},{'S': '0'},"{'S': '05/15/2023, 16:38:52'}"
72,{'S': '52.3923'},{'S': '168.265'},{'S': '0'},{'S': '36.475'},{'S': '0'},{'S': 'sensor_char7'},{'S': '12.554'},{'S': '0'},"{'S': '05/15/2023, 15:12:29'}"
73,{'S': '49.6158'},{'S': '4.92183'},{'S': '0'},{'S': '12'},{'S': '0'},{'S': 'sensor_char7'},{'S': '12.4999'},{'S': '0'},"{'S': '05/15/2023, 15:21:10'}"
74,{'S': '50.5022'},{'S': '20.4529'},{'S': '0'},{'S': '36.2985'},{'S': '0'},{'S': 'sensor_char7'},{'S': '12.4254'},{'S': '1'},"{'S': '05/15/2023, 15:34:34'}"
75,{'S': '50.2154'},{'S': '52.4177'},{'S': '0'},{'S': '36.919'},{'S': '0'},{'S': 'sensor_char7'},{'S': '12.3036'},{'S': '0'},"{'S': '05/15/2023, 16:38:31'}"
76,{'S': '49.548'},{'S': '42.8546'},{'S': '0'},{'S': '12'},{'S': '0'},{'S': 'sensor_char7'},{'S': '12.4926'},{'S': '0'},"{'S': '05/15/2023, 15:18:53'}"
77,{'S': '52.8511'},{'S': '42.9945'},{'S': '0'},{'S': '36.0738'},{'S': '0'},{'S': 'sensor_char7'},{'S': '12.5332'},{'S': '0'},"{'S': '05/15/2023, 15:07:25'}"
78,{'S': '48.7972'},{'S': '30.1366'},{'S': '-1'},{'S': '37.117'},{'S': '0'},{'S': 'sensor_char7'},{'S': '12.3656'},{'S': '-1'},"{'S': '05/15/2023, 16:47:45'}"
79,{'S': '49.1856'},{'S': '23.2362'},{'S': '0'},{'S': '37.0314'},{'S': '0'},{'S': 'sensor_char7'},{'S': '12.3093'},{'S': '1'},"{'S': '05/15/2023, 16:42:35'}"
80,{'S': '50.9089'},{'S': '8.51416'},{'S': '0'},{'S': '36.3199'},{'S': '0'},{'S': 'sensor_char7'},{'S': '12.3999'},{'S': '0'},"{'S': '05/15/2023, 15:34:04'}"
81,{'S': '49.316'},{'S': '25.1548'},{'S': '0'},{'S': '36.9458'},{'S': '0'},{'S': 'sensor_char7'},{'S': '12.1847'},{'S': '0'},"{'S': '05/15/2023, 17:18:38'}"
82,{'S': '49.3238'},{'S': '29.5892'},{'S': '0'},{'S': '36.9297'},{'S': '0'},{'S': 'sensor_char7'},{'S': '12.1773'},{'S': '0'},"{'S': '05/15/2023, 17:18:23'}"
83,{'S': '48.951'},{'S': '32.7242'},{'S': '0'},{'S': '36.796'},{'S': '0'},{'S': 'sensor_char7'},{'S': '12.1569'},{'S': '0'},"{'S': '05/15/2023, 17:25:17'}"
84,{'S': '49.0709'},{'S': '19.0904'},{'S': '0'},{'S': '37.0421'},{'S': '0'},{'S': 'sensor_char7'},{'S': '12.3299'},{'S': '11'},"{'S': '05/15/2023, 16:41:17'}"
85,{'S': '49.1883'},{'S': '21.2317'},{'S': '88'},{'S': '37.0635'},{'S': '1'},{'S': 'sensor_char7'},{'S': '12.3288'},{'S': '11'},"{'S': '05/15/2023, 16:41:17'}"
86,{'N': '0'},{'N': '0'},{'N': '0'},{'S': '23'},{'N': '0'},{'N': '0'},{'S': '23'},{'N': '0'},"{'S': '05/07/2023, 23:53:21'}"
87,{'S': '49.2847'},{'S': '19.2017'},{'S': '0'},{'S': '36.8388'},{'S': '0'},{'S': 'sensor_char7'},{'S': '12.1569'},{'S': '0'},"{'S': '05/15/2023, 17:22:05'}"
88,{'S': '50.0199'},{'S': '21.1365'},{'S': '0'},{'S': '36.9939'},{'S': '0'},{'S': 'sensor_char7'},{'S': '12.3097'},{'S': '0'},"{'S': '05/15/2023, 16:39:04'}"
89,{'S': '49.8296'},{'S': '26.5994'},{'S': '214'},{'S': '36.5339'},{'S': '0'},{'S': 'sensor_char7'},{'S': '12.5273'},{'S': '-1'},"{'S': '05/15/2023, 15:37:39'}"
90,{'S': '49.3264'},{'S': '19.243'},{'S': '0'},{'S': '37.1009'},{'S': '0'},{'S': 'sensor_char7'},{'S': '12.3162'},{'S': '0'},"{'S': '05/15/2023, 16:43:55'}"
91,{'S': '52.3506'},{'S': '1182.85'},{'S': '0'},{'S': '36.4055'},{'S': '0'},{'S': 'sensor_char7'},{'S': '12.561'},{'S': '0'},"{'S': '05/15/2023, 15:12:14'}"
92,{'S': '45'},{'S': '987'},{'S': '0'},{'S': '30'},{'S': '0'},{'S': '2'},{'S': '11.9'},{'S': '0'},"{'S': '05/11/2023, 01:03:39'}"
93,{'S': '52.5252'},{'S': '116.168'},{'S': '0'},{'S': '36.4429'},{'S': '0'},{'S': 'sensor_char7'},{'S': '12.5478'},{'S': '0'},"{'S': '05/15/2023, 15:11:52'}"
94,{'S': '53.0571'},{'S': '43.0023'},{'S': '0'},{'S': '36.138'},{'S': '0'},{'S': 'sensor_char7'},{'S': '12.5257'},{'S': '0'},"{'S': '05/15/2023, 15:07:11'}"
95,{'S': '49.2821'},{'S': '31.7757'},{'S': '0'},{'S': '36.903'},{'S': '0'},{'S': 'sensor_char7'},{'S': '12.1752'},{'S': '0'},"{'S': '05/15/2023, 17:19:00'}"
96,{'S': '52.6165'},{'S': '44.9721'},{'S': '0'},{'S': '36.3627'},{'S': '0'},{'S': 'sensor_char7'},{'S': '12.5562'},{'S': '0'},"{'S': '05/15/2023, 15:10:08'}"
97,{'S': '49.1439'},{'S': '19.9646'},{'S': '0'},{'S': '36.8335'},{'S': '0'},{'S': 'sensor_char7'},{'S': '12.1531'},{'S': '0'},"{'S': '05/15/2023, 17:23:34'}"
98,{'S': '49.1309'},{'S': '28.7112'},{'S': '0'},{'S': '37.1277'},{'S': '0'},{'S': 'sensor_char7'},{'S': '12.3387'},{'S': '0'},"{'S': '05/15/2023, 16:45:10'}"
99,{'S': '49.0814'},{'S': '33.3905'},{'S': '0'},{'S': '37.1437'},{'S': '0'},{'S': 'sensor_char7'},{'S': '12.3389'},{'S': '0'},"{'S': '05/15/2023, 16:45:10'}"
100,{'S': '49.1544'},{'S': '20.3658'},{'S': '0'},{'S': '36.812'},{'S': '0'},{'S': 'sensor_char7'},{'S': '12.1487'},{'S': '0'},"{'S': '05/15/2023, 17:23:48'}"
101,{'S': '49.1257'},{'S': '30.4406'},{'S': '0'},{'S': '36.8335'},{'S': '0'},{'S': 'sensor_char7'},{'S': '12.1585'},{'S': '0'},"{'S': '05/15/2023, 17:24:25'}"
102,{'S': '48.646'},{'S': '33.0197'},{'S': '-11136'},{'S': '37.2347'},{'S': '0'},{'S': 'sensor_char7'},{'S': '12.3684'},{'S': '-1'},"{'S': '05/15/2023, 16:48:22'}"
103,{'S': '52.8094'},{'S': '8231.86'},{'S': '0'},{'S': '36.2289'},{'S': '0'},{'S': 'sensor_char7'},{'S': '12.5596'},{'S': '0'},"{'S': '05/15/2023, 15:09:16'}"
104,{'S': '49.2951'},{'S': '31.2578'},{'S': '0'},{'S': '36.812'},{'S': '0'},{'S': 'sensor_char7'},{'S': '12.1776'},{'S': '0'},"{'S': '05/15/2023, 17:19:29'}"
105,{'S': '50.2754'},{'S': '42.5463'},{'S': '0'},{'S': '36.689'},{'S': '0'},{'S': 'sensor_char7'},{'S': '12.2623'},{'S': '0'},"{'S': '05/15/2023, 16:37:23'}"
106,{'S': '49.2482'},{'S': '21.1713'},{'S': '0'},{'S': '36.8656'},{'S': '0'},{'S': 'sensor_char7'},{'S': '12.1547'},{'S': '0'},"{'S': '05/15/2023, 17:21:57'}"
107,{'S': '52.5982'},{'S': '110.712'},{'S': '0'},{'S': '36.4108'},{'S': '0'},{'S': 'sensor_char7'},{'S': '12.5625'},{'S': '0'},"{'S': '05/15/2023, 15:11:22'}"
108,{'S': '49.3004'},{'S': '30.8159'},{'S': '0'},{'S': '36.9672'},{'S': '0'},{'S': 'sensor_char7'},{'S': '12.3024'},{'S': '0'},"{'S': '05/15/2023, 16:43:05'}"
109,{'S': '49.376'},{'S': '27.4697'},{'S': '0'},{'S': '12'},{'S': '0'},{'S': 'sensor_char7'},{'S': '12.5005'},{'S': '0'},"{'S': '05/15/2023, 15:19:05'}"
110,{'S': '50.1633'},{'S': '31.9297'},{'S': '0'},{'S': '36.261'},{'S': '0'},{'S': 'sensor_char7'},{'S': '12.5039'},{'S': '0'},"{'S': '05/15/2023, 15:35:55'}"
111,{'S': '49.0501'},{'S': '22.9802'},{'S': '540'},{'S': '37.2026'},{'S': '0'},{'S': 'sensor_char7'},{'S': '12.3526'},{'S': '8917'},"{'S': '05/15/2023, 16:47:15'}"
112,{'S': '53.1979'},{'S': '42.3251'},{'S': '0'},{'S': '36.1326'},{'S': '0'},{'S': 'sensor_char7'},{'S': '12.5147'},{'S': '0'},"{'S': '05/15/2023, 15:06:56'}"
113,{'S': '52.4601'},{'S': '1301.11'},{'S': '0'},{'S': '36.459'},{'S': '0'},{'S': 'sensor_char7'},{'S': '12.5594'},{'S': '0'},"{'S': '05/15/2023, 15:11:59'}"
114,{'S': '52.2932'},{'S': '172.379'},{'S': '0'},{'S': '-10.464'},{'S': '0'},{'S': 'sensor_char7'},{'S': '12.5556'},{'S': '0'},"{'S': '05/15/2023, 15:12:51'}"
115,{'S': '49.0188'},{'S': '32.3995'},{'S': '0'},{'S': '36.8869'},{'S': '0'},{'S': 'sensor_char7'},{'S': '12.1625'},{'S': '0'},"{'S': '05/15/2023, 17:24:40'}"
116,{'S': '50.0225'},{'S': '31.1677'},{'S': '0'},{'S': '36.4055'},{'S': '0'},{'S': 'sensor_char7'},{'S': '12.516'},{'S': '0'},"{'S': '05/15/2023, 15:36:18'}"
117,{'S': '49.3186'},{'S': '31.2127'},{'S': '0'},{'S': '36.8923'},{'S': '0'},{'S': 'sensor_char7'},{'S': '12.1769'},{'S': '0'},"{'S': '05/15/2023, 17:19:22'}"
118,{'S': '50.437'},{'S': '22.7605'},{'S': '0'},{'S': '36.1701'},{'S': '0'},{'S': 'sensor_char7'},{'S': '12.4396'},{'S': '0'},"{'S': '05/15/2023, 15:34:56'}"
119,{'S': '52.6608'},{'S': '8231.86'},{'S': '0'},{'S': '36.3092'},{'S': '0'},{'S': 'sensor_char7'},{'S': '12.5531'},{'S': '0'},"{'S': '05/15/2023, 15:09:31'}"
120,{'S': '50.2493'},{'S': '5.98672'},{'S': '0'},{'S': '36.6569'},{'S': '0'},{'S': 'sensor_char7'},{'S': '12.4967'},{'S': '0'},"{'S': '05/15/2023, 15:39:00'}"
121,{'S': '52.5696'},{'S': '38.3667'},{'S': '0'},{'S': '36.261'},{'S': '0'},{'S': 'sensor_char7'},{'S': '12.605'},{'S': '0'},"{'S': '05/15/2023, 15:01:15'}"
122,{'S': '49.2639'},{'S': '30.1197'},{'S': '0'},{'S': '36.8816'},{'S': '0'},{'S': 'sensor_char7'},{'S': '12.1636'},{'S': '0'},"{'S': '05/15/2023, 17:21:43'}"
123,{'S': '49.2352'},{'S': '30.9398'},{'S': '0'},{'S': '36.8976'},{'S': '0'},{'S': 'sensor_char7'},{'S': '12.1684'},{'S': '0'},"{'S': '05/15/2023, 17:20:51'}"
124,{'S': '52.6426'},{'S': '109.774'},{'S': '0'},{'S': '36.2878'},{'S': '0'},{'S': 'sensor_char7'},{'S': '12.5601'},{'S': '0'},"{'S': '05/15/2023, 15:10:30'}"
125,{'S': '50.1529'},{'S': '30.6055'},{'S': '0'},{'S': '36.2396'},{'S': '0'},{'S': 'sensor_char7'},{'S': '12.4884'},{'S': '0'},"{'S': '05/15/2023, 15:35:41'}"
126,{'N': '0'},{'N': '0'},{'N': '0'},{'S': '12'},{'N': '0'},{'N': '0'},{'N': '0'},{'N': '0'},"{'S': '05/09/2023, 21:39:59'}"
127,{'S': '49.608'},{'S': '24.6827'},{'S': '0'},{'S': '36.5927'},{'S': '0'},{'S': 'sensor_char7'},{'S': '12.5382'},{'S': '0'},"{'S': '05/15/2023, 15:38:31'}"
128,{'S': '49.3629'},{'S': '23.3976'},{'S': '0'},{'S': '36.8869'},{'S': '0'},{'S': 'sensor_char7'},{'S': '12.1852'},{'S': '0'},"{'S': '05/15/2023, 17:17:24'}"
129,{'S': '50.1867'},{'S': '14.1124'},{'S': '0'},{'S': '36.796'},{'S': '0'},{'S': 'sensor_char7'},{'S': '12.4641'},{'S': '0'},"{'S': '05/15/2023, 15:40:50'}"
130,{'S': '50.145'},{'S': '18.2276'},{'S': '0'},{'S': '36.8656'},{'S': '0'},{'S': 'sensor_char7'},{'S': '12.457'},{'S': '0'},"{'S': '05/15/2023, 15:42:44'}"
131,{'S': '49.3655'},{'S': '27.7511'},{'S': '0'},{'S': '12'},{'S': '0'},{'S': 'sensor_char7'},{'S': '12.4813'},{'S': '0'},"{'S': '05/15/2023, 15:25:46'}"
132,{'S': '50.9428'},{'S': '7.40676'},{'S': '0'},{'S': '36.3092'},{'S': '0'},{'S': 'sensor_char7'},{'S': '12.3921'},{'S': '0'},"{'S': '05/15/2023, 15:33:57'}"
133,{'S': '49.4437'},{'S': '31.8829'},{'S': '0'},{'S': '36.6837'},{'S': '0'},{'S': 'sensor_char7'},{'S': '12.4985'},{'S': '0'},"{'S': '05/15/2023, 15:23:13'}"
134,{'S': '49.2847'},{'S': '19.5707'},{'S': '0'},{'S': '37.0367'},{'S': '0'},{'S': 'sensor_char7'},{'S': '12.3337'},{'S': '0'},"{'S': '05/15/2023, 16:39:52'}"
135,{'N': '0'},{'N': '0'},{'N': '0'},{'S': '12'},{'N': '0'},{'N': '0'},{'N': '0'},{'N': '0'},"{'S': '05/09/2023, 21:35:41'}"
136,{'S': '50.3484'},{'S': '42.2342'},{'S': '0'},{'S': '36.673'},{'S': '0'},{'S': 'sensor_char7'},{'S': '12.2587'},{'S': '0'},"{'S': '05/15/2023, 16:37:16'}"
137,{'S': '45'},{'S': '987'},{'S': '0'},{'S': '32'},{'S': '0'},{'S': '2'},{'S': '11.9'},{'S': '0'},"{'S': '05/11/2023, 01:05:14'}"
138,{'S': '49.1987'},{'S': '31.2262'},{'S': '0'},{'S': '36.8869'},{'S': '0'},{'S': 'sensor_char7'},{'S': '12.1676'},{'S': '0'},"{'S': '05/15/2023, 17:21:13'}"
139,{'S': '52.7521'},{'S': '88275.3'},{'S': '0'},{'S': '36.3466'},{'S': '0'},{'S': 'sensor_char7'},{'S': '12.5517'},{'S': '0'},"{'S': '05/15/2023, 15:09:46'}"
140,{'S': '52.7312'},{'S': '41.7845'},{'S': '0'},{'S': '36.1968'},{'S': '0'},{'S': 'sensor_char7'},{'S': '12.5613'},{'S': '0'},"{'S': '05/15/2023, 15:08:54'}"
141,{'S': '49.2951'},{'S': '30.8115'},{'S': '0'},{'S': '36.8869'},{'S': '0'},{'S': 'sensor_char7'},{'S': '12.1639'},{'S': '0'},"{'S': '05/15/2023, 17:20:58'}"
142,{'S': '52.7807'},{'S': '8046.92'},{'S': '0'},{'S': '36.2931'},{'S': '0'},{'S': 'sensor_char7'},{'S': '12.5459'},{'S': '0'},"{'S': '05/15/2023, 15:09:24'}"
143,{'S': '49.8869'},{'S': '22.0527'},{'S': '0'},{'S': '36.4429'},{'S': '0'},{'S': 'sensor_char7'},{'S': '12.519'},{'S': '0'},"{'S': '05/15/2023, 15:36:55'}"
144,{'S': '50.2232'},{'S': '53.4304'},{'S': '0'},{'S': '36.8067'},{'S': '0'},{'S': 'sensor_char7'},{'S': '12.2792'},{'S': '0'},"{'S': '05/15/2023, 16:37:53'}"
145,{'S': '49.4125'},{'S': '27.1577'},{'S': '0'},{'S': '36.9672'},{'S': '0'},{'S': 'sensor_char7'},{'S': '12.1868'},{'S': '0'},"{'S': '05/15/2023, 17:17:18'}"
146,{'S': '52.9919'},{'S': '43.0727'},{'S': '0'},{'S': '36.1701'},{'S': '0'},{'S': 'sensor_char7'},{'S': '12.5392'},{'S': '0'},"{'S': '05/15/2023, 15:07:33'}"
147,{'S': '50.1346'},{'S': '20.9187'},{'S': '0'},{'S': '36.8335'},{'S': '0'},{'S': 'sensor_char7'},{'S': '12.4652'},{'S': '0'},"{'S': '05/15/2023, 15:41:34'}"
148,{'S': '49.6158'},{'S': '4.92183'},{'S': '0'},{'S': '12'},{'S': '0'},{'S': 'sensor_char7'},{'S': '12.4999'},{'S': '0'},"{'S': '05/15/2023, 15:19:28'}"
149,{'S': '52.5852'},{'S': '107.114'},{'S': '0'},{'S': '36.368'},{'S': '0'},{'S': 'sensor_char7'},{'S': '12.5535'},{'S': '0'},"{'S': '05/15/2023, 15:10:40'}"
150,{'S': '50.278'},{'S': '30.6142'},{'S': '0'},{'S': '36.3466'},{'S': '0'},{'S': 'sensor_char7'},{'S': '12.4922'},{'S': '0'},"{'S': '05/15/2023, 15:35:48'}"
151,{'S': '50.1711'},{'S': '30.9176'},{'S': '0'},{'S': '36.3038'},{'S': '0'},{'S': 'sensor_char7'},{'S': '12.5036'},{'S': '0'},"{'S': '05/15/2023, 15:36:10'}"
152,{'S': '52.3454'},{'S': '142.034'},{'S': '0'},{'S': '36.4857'},{'S': '0'},{'S': 'sensor_char7'},{'S': '12.5516'},{'S': '0'},"{'S': '05/15/2023, 15:12:44'}"
153,{'S': '49.7592'},{'S': '26.2603'},{'S': '-1'},{'S': '36.4804'},{'S': '0'},{'S': 'sensor_char7'},{'S': '12.525'},{'S': '0'},"{'S': '05/15/2023, 15:37:24'}"
154,{'S': '49.1257'},{'S': '26.4934'},{'S': '0'},{'S': '36.8442'},{'S': '0'},{'S': 'sensor_char7'},{'S': '12.1541'},{'S': '0'},"{'S': '05/15/2023, 17:24:18'}"
155,{'S': '49.9756'},{'S': '20.3268'},{'S': '0'},{'S': '36.9939'},{'S': '0'},{'S': 'sensor_char7'},{'S': '12.3182'},{'S': '0'},"{'S': '05/15/2023, 16:39:15'}"
156,{'S': '49.9756'},{'S': '20.0404'},{'S': '0'},{'S': '36.9993'},{'S': '0'},{'S': 'sensor_char7'},{'S': '12.3182'},{'S': '0'},"{'S': '05/15/2023, 16:39:15'}"
157,{'S': '49.0292'},{'S': '21.3089'},{'S': '-1'},{'S': '37.2026'},{'S': '0'},{'S': 'sensor_char7'},{'S': '12.353'},{'S': '-1'},"{'S': '05/15/2023, 16:46:46'}"
158,{'S': '52.6478'},{'S': '41.2193'},{'S': '0'},{'S': '36.2771'},{'S': '0'},{'S': 'sensor_char7'},{'S': '12.5635'},{'S': '0'},"{'S': '05/15/2023, 15:09:09'}"
159,{'S': '50.2441'},{'S': '20.9347'},{'S': '0'},{'S': '36.8656'},{'S': '0'},{'S': 'sensor_char7'},{'S': '12.4558'},{'S': '0'},"{'S': '05/15/2023, 15:41:19'}"
160,{'S': '48.9406'},{'S': '33.1392'},{'S': '0'},{'S': '36.8709'},{'S': '0'},{'S': 'sensor_char7'},{'S': '12.1593'},{'S': '0'},"{'S': '05/15/2023, 17:25:10'}"
161,{'S': '50.1998'},{'S': '30.5228'},{'S': '0'},{'S': '36.2985'},{'S': '0'},{'S': 'sensor_char7'},{'S': '12.484'},{'S': '0'},"{'S': '05/15/2023, 15:35:33'}"
162,{'S': '50.2623'},{'S': '17.4912'},{'S': '0'},{'S': '36.8335'},{'S': '0'},{'S': 'sensor_char7'},{'S': '12.4668'},{'S': '0'},"{'S': '05/15/2023, 15:40:57'}"
163,{'S': '49.0449'},{'S': '21.9734'},{'S': '0'},{'S': '37.1598'},{'S': '0'},{'S': 'sensor_char7'},{'S': '12.3508'},{'S': '0'},"{'S': '05/15/2023, 16:46:09'}"
164,{'S': '49.4437'},{'S': '24.5029'},{'S': '0'},{'S': '36.5767'},{'S': '0'},{'S': 'sensor_char7'},{'S': '12.54'},{'S': '1'},"{'S': '05/15/2023, 15:38:16'}"
165,{'S': '49.1883'},{'S': '19.0323'},{'S': '0'},{'S': '36.7425'},{'S': '0'},{'S': 'sensor_char7'},{'S': '12.1559'},{'S': '0'},"{'S': '05/15/2023, 17:22:34'}"
166,{'S': '49.2248'},{'S': '19.0904'},{'S': '0'},{'S': '36.9672'},{'S': '0'},{'S': 'sensor_char7'},{'S': '12.3393'},{'S': '0'},"{'S': '05/15/2023, 16:40:17'}"
167,{'S': '49.1413'},{'S': '19.4037'},{'S': '-1'},{'S': '37.0528'},{'S': '0'},{'S': 'sensor_char7'},{'S': '12.3202'},{'S': '-1'},"{'S': '05/15/2023, 16:41:41'}"
168,{'S': '52.4549'},{'S': '117.988'},{'S': '0'},{'S': '36.4001'},{'S': '0'},{'S': 'sensor_char7'},{'S': '12.5612'},{'S': '0'},"{'S': '05/15/2023, 15:11:37'}"
169,{'S': '49.3082'},{'S': '30.8424'},{'S': '0'},{'S': '36.9351'},{'S': '0'},{'S': 'sensor_char7'},{'S': '12.1864'},{'S': '0'},"{'S': '05/15/2023, 17:18:15'}"
170,{'S': '49.2586'},{'S': '31.476'},{'S': '0'},{'S': '36.8174'},{'S': '0'},{'S': 'sensor_char7'},{'S': '12.1751'},{'S': '0'},"{'S': '05/15/2023, 17:20:14'}"
171,{'S': '49.7696'},{'S': '21.8847'},{'S': '0'},{'S': '36.4322'},{'S': '0'},{'S': 'sensor_char7'},{'S': '12.5307'},{'S': '0'},"{'S': '05/15/2023, 15:37:02'}"
172,{'S': '49.1518'},{'S': '19.765'},{'S': '0'},{'S': '36.8388'},{'S': '0'},{'S': 'sensor_char7'},{'S': '12.1486'},{'S': '0'},"{'S': '05/15/2023, 17:23:19'}"
173,{'S': '52.9372'},{'S': '42.8158'},{'S': '0'},{'S': '36.1861'},{'S': '0'},{'S': 'sensor_char7'},{'S': '12.5394'},{'S': '0'},"{'S': '05/15/2023, 15:07:55'}"
174,{'S': '49.2195'},{'S': '18.8103'},{'S': '0'},{'S': '37.0367'},{'S': '0'},{'S': 'sensor_char7'},{'S': '12.3419'},{'S': '0'},"{'S': '05/15/2023, 16:40:27'}"
175,{'S': '50.3562'},{'S': '41.8663'},{'S': '0'},{'S': '36.6623'},{'S': '0'},{'S': 'sensor_char7'},{'S': '12.2561'},{'S': '0'},"{'S': '05/15/2023, 16:37:08'}"
176,{'N': '0'},{'N': '0'},{'N': '0'},{'S': '23'},{'N': '0'},{'N': '0'},{'N': '0'},{'N': '0'},"{'S': '05/07/2023, 23:51:06'}"
177,{'S': '49.4098'},{'S': '21.1782'},{'S': '12'},{'S': '37.0314'},{'S': '0'},{'S': 'sensor_char7'},{'S': '12.3341'},{'S': '114'},"{'S': '05/15/2023, 16:44:41'}"
178,{'S': '49.535'},{'S': '20.8079'},{'S': '29'},{'S': '37.1116'},{'S': '0'},{'S': 'sensor_char7'},{'S': '12.3334'},{'S': '114'},"{'S': '05/15/2023, 16:44:41'}"
179,{'S': '49.3369'},{'S': '26.1101'},{'S': '8'},{'S': '37.117'},{'S': '1'},{'S': 'sensor_char7'},{'S': '12.3354'},{'S': '152'},"{'S': '05/15/2023, 16:44:41'}"
180,{'S': '49.3316'},{'S': '31.8129'},{'S': '0'},{'S': '36.582'},{'S': '0'},{'S': 'sensor_char7'},{'S': '12.4939'},{'S': '0'},"{'S': '05/15/2023, 15:23:06'}"
181,{'S': '49.097'},{'S': '31.6599'},{'S': '0'},{'S': '36.8602'},{'S': '0'},{'S': 'sensor_char7'},{'S': '12.1609'},{'S': '0'},"{'S': '05/15/2023, 17:24:33'}"
182,{'S': '49.1856'},{'S': '26.7613'},{'S': '0'},{'S': '36.8602'},{'S': '0'},{'S': 'sensor_char7'},{'S': '12.1487'},{'S': '0'},"{'S': '05/15/2023, 17:21:50'}"
183,{'S': '52.3584'},{'S': '38.9584'},{'S': '0'},{'S': '36.2075'},{'S': '0'},{'S': 'sensor_char7'},{'S': '12.605'},{'S': '0'},"{'S': '05/15/2023, 15:01:22'}"
184,{'S': '49.2195'},{'S': '19.2332'},{'S': '0'},{'S': '36.8442'},{'S': '0'},{'S': 'sensor_char7'},{'S': '12.1519'},{'S': '0'},"{'S': '05/15/2023, 17:22:49'}"
185,{'S': '49.3316'},{'S': '31.4121'},{'S': '0'},{'S': '36.9244'},{'S': '0'},{'S': 'sensor_char7'},{'S': '12.179'},{'S': '0'},"{'S': '05/15/2023, 17:19:07'}"
186,{'S': '49.2665'},{'S': '19.5545'},{'S': '0'},{'S': '36.8442'},{'S': '0'},{'S': 'sensor_char7'},{'S': '12.1538'},{'S': '0'},"{'S': '05/15/2023, 17:22:42'}"
187,{'S': '52.9137'},{'S': '37.6283'},{'S': '0'},{'S': '36.2182'},{'S': '0'},{'S': 'sensor_char7'},{'S': '12.5456'},{'S': '0'},"{'S': '05/15/2023, 15:08:17'}"
188,{'S': '50.1998'},{'S': '18.8141'},{'S': '0'},{'S': '36.673'},{'S': '0'},{'S': 'sensor_char7'},{'S': '12.4902'},{'S': '0'},"{'S': '05/15/2023, 15:39:08'}"
189,{'S': '50.2206'},{'S': '19.8042'},{'S': '0'},{'S': '36.6944'},{'S': '0'},{'S': 'sensor_char7'},{'S': '12.4891'},{'S': '0'},"{'S': '05/15/2023, 15:39:15'}"
190,{'S': '49.3082'},{'S': '29.2229'},{'S': '0'},{'S': '36.919'},{'S': '0'},{'S': 'sensor_char7'},{'S': '12.1743'},{'S': '0'},"{'S': '05/15/2023, 17:17:46'}"
191,{'S': '50.1164'},{'S': '18.0956'},{'S': '0'},{'S': '36.8335'},{'S': '0'},{'S': 'sensor_char7'},{'S': '12.4532'},{'S': '0'},"{'S': '05/15/2023, 15:42:36'}"
192,{'S': '48.805'},{'S': '35.8362'},{'S': '-1'},{'S': '37.2186'},{'S': '0'},{'S': 'sensor_char7'},{'S': '12.3651'},{'S': '-1'},"{'S': '05/15/2023, 16:47:52'}"
193,{'S': '48.7659'},{'S': '26.0505'},{'S': '-1'},{'S': '37.2026'},{'S': '0'},{'S': 'sensor_char7'},{'S': '12.3587'},{'S': '-1'},"{'S': '05/15/2023, 16:47:30'}"
194,{'S': '49.1856'},{'S': '19.2647'},{'S': '-1'},{'S': '37.0474'},{'S': '0'},{'S': 'sensor_char7'},{'S': '12.3216'},{'S': '-1'},"{'S': '05/15/2023, 16:41:30'}"
195,{'S': '49.1883'},{'S': '19.1919'},{'S': '27624'},{'S': '37.0635'},{'S': '1'},{'S': 'sensor_char7'},{'S': '12.3216'},{'S': '-1'},"{'S': '05/15/2023, 16:41:30'}"
196,{'S': '49.2717'},{'S': '16.3094'},{'S': '0'},{'S': '37.1865'},{'S': '0'},{'S': 'sensor_char7'},{'S': '12.3532'},{'S': '0'},"{'S': '05/15/2023, 16:46:53'}"
197,{'S': '52.8172'},{'S': '42.2418'},{'S': '0'},{'S': '36.1273'},{'S': '0'},{'S': 'sensor_char7'},{'S': '12.554'},{'S': '0'},"{'S': '05/15/2023, 15:08:10'}"
198,{'S': '50.205'},{'S': '20.4464'},{'S': '0'},{'S': '36.8067'},{'S': '0'},{'S': 'sensor_char7'},{'S': '12.4651'},{'S': '0'},"{'S': '05/15/2023, 15:41:04'}"
199,{'S': '49.1126'},{'S': '20.1806'},{'S': '0'},{'S': '36.8442'},{'S': '0'},{'S': 'sensor_char7'},{'S': '12.1499'},{'S': '0'},"{'S': '05/15/2023, 17:23:41'}"
200,{'S': '49.303'},{'S': '30.8203'},{'S': '0'},{'S': '36.9137'},{'S': '0'},{'S': 'sensor_char7'},{'S': '12.1688'},{'S': '0'},"{'S': '05/15/2023, 17:20:43'}"
201,{'S': '49.3056'},{'S': '31.7664'},{'S': '0'},{'S': '36.9244'},{'S': '0'},{'S': 'sensor_char7'},{'S': '12.1761'},{'S': '0'},"{'S': '05/15/2023, 17:19:52'}"
202,{'S': '48.9979'},{'S': '18.5132'},{'S': '0'},{'S': '37.0581'},{'S': '1'},{'S': 'sensor_char7'},{'S': '12.3369'},{'S': '0'},"{'S': '05/15/2023, 16:40:51'}"
203,{'S': '50.2728'},{'S': '18.493'},{'S': '0'},{'S': '36.7265'},{'S': '0'},{'S': 'sensor_char7'},{'S': '12.4789'},{'S': '0'},"{'S': '05/15/2023, 15:39:30'}"
204,{'S': '49.2639'},{'S': '19.4899'},{'S': '0'},{'S': '36.7746'},{'S': '0'},{'S': 'sensor_char7'},{'S': '12.157'},{'S': '0'},"{'S': '05/15/2023, 17:23:04'}"
205,{'S': '52.5383'},{'S': '49.8583'},{'S': '0'},{'S': '36.3573'},{'S': '0'},{'S': 'sensor_char7'},{'S': '12.5591'},{'S': '0'},"{'S': '05/15/2023, 15:10:16'}"
206,{'S': '49.1153'},{'S': '20.6313'},{'S': '0'},{'S': '36.8014'},{'S': '0'},{'S': 'sensor_char7'},{'S': '12.1487'},{'S': '0'},"{'S': '05/15/2023, 17:23:56'}"
207,{'S': '49.9104'},{'S': '19.9625'},{'S': '0'},{'S': '37.0046'},{'S': '0'},{'S': 'sensor_char7'},{'S': '12.324'},{'S': '0'},"{'S': '05/15/2023, 16:39:24'}"
208,{'S': '52.739'},{'S': '33.3349'},{'S': '0'},{'S': '36.2022'},{'S': '0'},{'S': 'sensor_char7'},{'S': '12.5565'},{'S': '0'},"{'S': '05/15/2023, 15:08:25'}"
209,{'S': '49.011'},{'S': '22.3853'},{'S': '0'},{'S': '37.1919'},{'S': '0'},{'S': 'sensor_char7'},{'S': '12.3547'},{'S': '0'},"{'S': '05/15/2023, 16:46:31'}"
210,{'S': '49.3369'},{'S': '28.766'},{'S': '0'},{'S': '36.9244'},{'S': '0'},{'S': 'sensor_char7'},{'S': '12.1849'},{'S': '0'},"{'S': '05/15/2023, 17:18:45'}"
211,{'S': '49.1752'},{'S': '19.494'},{'S': '1'},{'S': '37.0421'},{'S': '0'},{'S': 'sensor_char7'},{'S': '12.3193'},{'S': '5'},"{'S': '05/15/2023, 16:41:49'}"
212,{'S': '50.218'},{'S': '53.5211'},{'S': '0'},{'S': '36.7318'},{'S': '0'},{'S': 'sensor_char7'},{'S': '12.2707'},{'S': '0'},"{'S': '05/15/2023, 16:37:39'}"
213,{'S': '49.3082'},{'S': '21.9265'},{'S': '0'},{'S': '37.2079'},{'S': '0'},{'S': 'sensor_char7'},{'S': '12.3549'},{'S': '0'},"{'S': '05/15/2023, 16:47:00'}"
214,{'N': '0'},{'N': '0'},{'N': '0'},{'S': '12'},{'N': '0'},{'N': '0'},{'N': '0'},{'N': '0'},"{'S': '05/09/2023, 21:40:04'}"
215,{'S': '49.0944'},{'S': '22.1501'},{'S': '0'},{'S': '37.1598'},{'S': '0'},{'S': 'sensor_char7'},{'S': '12.3484'},{'S': '0'},"{'S': '05/15/2023, 16:45:54'}"
216,{'S': '49.2743'},{'S': '30.4018'},{'S': '0'},{'S': '36.9137'},{'S': '0'},{'S': 'sensor_char7'},{'S': '12.1897'},{'S': '0'},"{'S': '05/15/2023, 17:18:01'}"
217,{'S': '49.4802'},{'S': '21.429'},{'S': '0'},{'S': '36.7479'},{'S': '0'},{'S': 'sensor_char7'},{'S': '12.4906'},{'S': '0'},"{'S': '05/15/2023, 15:23:50'}"
218,{'S': '48.9979'},{'S': '18.2636'},{'S': '0'},{'S': '37.0581'},{'S': '0'},{'S': 'sensor_char7'},{'S': '12.3445'},{'S': '0'},"{'S': '05/15/2023, 16:40:50'}"
219,{'S': '49.4385'},{'S': '23.9165'},{'S': '0'},{'S': '36.7425'},{'S': '0'},{'S': 'sensor_char7'},{'S': '11.6053'},{'S': '0'},"{'S': '05/15/2023, 15:23:43'}"
220,{'S': '49.8244'},{'S': '27.0057'},{'S': '0'},{'S': '36.4162'},{'S': '0'},{'S': 'sensor_char7'},{'S': '12.5199'},{'S': '0'},"{'S': '05/15/2023, 15:36:32'}"
221,{'S': '53.1249'},{'S': '43.0414'},{'S': '0'},{'S': '36.0417'},{'S': '0'},{'S': 'sensor_char7'},{'S': '12.5193'},{'S': '0'},"{'S': '05/15/2023, 15:07:03'}"
222,{'S': '52.6217'},{'S': '332.826'},{'S': '0'},{'S': '36.3627'},{'S': '0'},{'S': 'sensor_char7'},{'S': '12.5541'},{'S': '0'},"{'S': '05/15/2023, 15:09:53'}"
223,{'S': '49.7957'},{'S': '26.5344'},{'S': '-1'},{'S': '36.4857'},{'S': '0'},{'S': 'sensor_char7'},{'S': '12.5352'},{'S': '-1'},"{'S': '05/15/2023, 15:37:32'}"
224,{'S': '49.23'},{'S': '30.1027'},{'S': '0'},{'S': '36.8762'},{'S': '0'},{'S': 'sensor_char7'},{'S': '12.1698'},{'S': '0'},"{'S': '05/15/2023, 17:21:20'}"
225,{'S': '49.7905'},{'S': '17.5331'},{'S': '0'},{'S': '36.4269'},{'S': '0'},{'S': 'sensor_char7'},{'S': '12.524'},{'S': '0'},"{'S': '05/15/2023, 15:36:47'}"
226,{'S': '50.1998'},{'S': '18.2636'},{'S': '0'},{'S': '36.8762'},{'S': '0'},{'S': 'sensor_char7'},{'S': '12.4593'},{'S': '0'},"{'S': '05/15/2023, 15:42:29'}"
227,{'S': '50.1476'},{'S': '21.065'},{'S': '0'},{'S': '36.8228'},{'S': '0'},{'S': 'sensor_char7'},{'S': '12.46'},{'S': '0'},"{'S': '05/15/2023, 15:41:12'}"
228,{'S': '49.1231'},{'S': '19.6195'},{'S': '0'},{'S': '37.0421'},{'S': '1'},{'S': 'sensor_char7'},{'S': '12.3163'},{'S': '67'},"{'S': '05/15/2023, 16:41:54'}"
229,{'S': '52.3688'},{'S': '1130.43'},{'S': '0'},{'S': '36.459'},{'S': '0'},{'S': 'sensor_char7'},{'S': '12.5593'},{'S': '0'},"{'S': '05/15/2023, 15:12:07'}"
230,{'S': '49.1804'},{'S': '23.2962'},{'S': '0'},{'S': '36.8442'},{'S': '0'},{'S': 'sensor_char7'},{'S': '12.1519'},{'S': '0'},"{'S': '05/15/2023, 17:24:11'}"
231,{'S': '49.8061'},{'S': '43.2453'},{'S': '0'},{'S': '36.3466'},{'S': '0'},{'S': 'sensor_char7'},{'S': '12.4913'},{'S': '0'},"{'S': '05/15/2023, 15:18:40'}"
232,{'S': '49.1361'},{'S': '18.7367'},{'S': '0'},{'S': '37.0635'},{'S': '0'},{'S': 'sensor_char7'},{'S': '12.345'},{'S': '0'},"{'S': '05/15/2023, 16:40:36'}"
233,{'S': '53.31'},{'S': '27.4661'},{'S': '0'},{'S': '36.1059'},{'S': '0'},{'S': 'sensor_char7'},{'S': '12.5338'},{'S': '0'},"{'S': '05/15/2023, 15:04:24'}"
234,{'S': '49.548'},{'S': '39.8381'},{'S': '0'},{'S': '12'},{'S': '0'},{'S': 'sensor_char7'},{'S': '12.5001'},{'S': '0'},"{'S': '05/15/2023, 15:18:55'}"
235,{'S': '50.218'},{'S': '20.6313'},{'S': '0'},{'S': '36.78'},{'S': '0'},{'S': 'sensor_char7'},{'S': '12.4655'},{'S': '0'},"{'S': '05/15/2023, 15:40:27'}"
236,{'S': '52.8824'},{'S': '42.8546'},{'S': '0'},{'S': '36.0791'},{'S': '0'},{'S': 'sensor_char7'},{'S': '12.5443'},{'S': '0'},"{'S': '05/15/2023, 15:07:48'}"
237,{'S': '49.2378'},{'S': '19.0188'},{'S': '0'},{'S': '36.8335'},{'S': '0'},{'S': 'sensor_char7'},{'S': '12.1571'},{'S': '0'},"{'S': '05/15/2023, 17:22:20'}"
238,{'S': '49.1909'},{'S': '19.2253'},{'S': '0'},{'S': '36.8281'},{'S': '0'},{'S': 'sensor_char7'},{'S': '12.1535'},{'S': '0'},"{'S': '05/15/2023, 17:22:12'}"
239,{'S': '49.1622'},{'S': '36.0601'},{'S': '0'},{'S': '37.133'},{'S': '0'},{'S': 'sensor_char7'},{'S': '12.3366'},{'S': '0'},"{'S': '05/15/2023, 16:44:57'}"
240,{'S': '49.2873'},{'S': '33.0246'},{'S': '31'},{'S': '37.1491'},{'S': '0'},{'S': 'sensor_char7'},{'S': '12.3374'},{'S': '208'},"{'S': '05/15/2023, 16:44:57'}"
241,{'S': '50.2311'},{'S': '53.4191'},{'S': '0'},{'S': '36.812'},{'S': '0'},{'S': 'sensor_char7'},{'S': '12.278'},{'S': '0'},"{'S': '05/15/2023, 16:37:45'}"
242,{'S': '49.5976'},{'S': '22.439'},{'S': '0'},{'S': '37.1009'},{'S': '0'},{'S': 'sensor_char7'},{'S': '12.3273'},{'S': '9'},"{'S': '05/15/2023, 16:44:13'}"
243,{'S': '49.6158'},{'S': '22.439'},{'S': '0'},{'S': '37.117'},{'S': '0'},{'S': 'sensor_char7'},{'S': '12.3273'},{'S': '0'},"{'S': '05/15/2023, 16:44:13'}"
244,{'S': '50.1424'},{'S': '51.9182'},{'S': '0'},{'S': '36.8762'},{'S': '0'},{'S': 'sensor_char7'},{'S': '12.2954'},{'S': '0'},"{'S': '05/15/2023, 16:38:20'}"
245,{'S': '50.338'},{'S': '51.9075'},{'S': '0'},{'S': '36.7104'},{'S': '0'},{'S': 'sensor_char7'},{'S': '12.2657'},{'S': '0'},"{'S': '05/15/2023, 16:37:31'}"
246,{'S': '52.812'},{'S': '191.303'},{'S': '0'},{'S': '36.352'},{'S': '0'},{'S': 'sensor_char7'},{'S': '12.5525'},{'S': '0'},"{'S': '05/15/2023, 15:10:01'}"
247,{'S': '52.3323'},{'S': '1213.01'},{'S': '0'},{'S': '36.4804'},{'S': '0'},{'S': 'sensor_char7'},{'S': '12.5585'},{'S': '0'},"{'S': '05/15/2023, 15:12:21'}"
248,{'S': '48.8624'},{'S': '33.0197'},{'S': '0'},{'S': '36.8656'},{'S': '0'},{'S': 'sensor_char7'},{'S': '12.1593'},{'S': '0'},"{'S': '05/15/2023, 17:25:02'}"
249,{'S': '49.23'},{'S': '30.891'},{'S': '0'},{'S': '36.8976'},{'S': '0'},{'S': 'sensor_char7'},{'S': '12.1635'},{'S': '0'},"{'S': '05/15/2023, 17:21:06'}"
250,{'S': '49.5115'},{'S': '23.3564'},{'S': '0'},{'S': '36.9511'},{'S': '0'},{'S': 'sensor_char7'},{'S': '12.1826'},{'S': '0'},"{'S': '05/15/2023, 17:17:01'}"
251,{'S': '49.5976'},{'S': '19.5'},{'S': '0'},{'S': '37.117'},{'S': '1'},{'S': 'sensor_char7'},{'S': '12.3175'},{'S': '0'},"{'S': '05/15/2023, 16:43:56'}"
252,{'S': '49.2847'},{'S': '30.5663'},{'S': '0'},{'S': '36.9297'},{'S': '0'},{'S': 'sensor_char7'},{'S': '12.1732'},{'S': '0'},"{'S': '05/15/2023, 17:20:36'}"
253,{'S': '49.6341'},{'S': '42.8546'},{'S': '0'},{'S': '36.3199'},{'S': '0'},{'S': 'sensor_char7'},{'S': '12.4913'},{'S': '0'},"{'S': '05/15/2023, 15:18:48'}"
254,{'S': '50.2936'},{'S': '28.3556'},{'S': '0'},{'S': '36.245'},{'S': '0'},{'S': 'sensor_char7'},{'S': '12.4567'},{'S': '0'},"{'S': '05/15/2023, 15:35:11'}"
255,{'S': '52.5644'},{'S': '119.05'},{'S': '0'},{'S': '36.4322'},{'S': '0'},{'S': 'sensor_char7'},{'S': '12.5622'},{'S': '0'},"{'S': '05/15/2023, 15:11:44'}"
256,{'S': '50.1946'},{'S': '51.7036'},{'S': '0'},{'S': '36.8495'},{'S': '0'},{'S': 'sensor_char7'},{'S': '12.2915'},{'S': '0'},"{'S': '05/15/2023, 16:38:10'}"
257,{'S': '49.8426'},{'S': '26.7025'},{'S': '10'},{'S': '36.5285'},{'S': '1'},{'S': 'sensor_char7'},{'S': '12.5332'},{'S': '6981'},"{'S': '05/15/2023, 15:37:46'}"
258,{'S': '49.475'},{'S': '25.3555'},{'S': '0'},{'S': '36.4697'},{'S': '0'},{'S': 'sensor_char7'},{'S': '12.5406'},{'S': '304'},"{'S': '05/15/2023, 15:38:09'}"
259,{'S': '49.1856'},{'S': '23.2362'},{'S': '0'},{'S': '37.0314'},{'S': '0'},{'S': 'sensor_char7'},{'S': '12.3072'},{'S': '0'},"{'S': '05/15/2023, 16:42:53'}"
260,{'S': '49.2769'},{'S': '24.4523'},{'S': '1'},{'S': '37.0528'},{'S': '0'},{'S': 'sensor_char7'},{'S': '12.3072'},{'S': '0'},"{'S': '05/15/2023, 16:42:53'}"
261,{'S': '49.3577'},{'S': '18.251'},{'S': '0'},{'S': '36.7372'},{'S': '0'},{'S': 'sensor_char7'},{'S': '12.5017'},{'S': '0'},"{'S': '05/15/2023, 15:23:58'}"
262,{'S': '52.5904'},{'S': '107.077'},{'S': '0'},{'S': '36.3787'},{'S': '0'},{'S': 'sensor_char7'},{'S': '12.5664'},{'S': '0'},"{'S': '05/15/2023, 15:10:45'}"
263,{'S': '49.8869'},{'S': '26.918'},{'S': '-1'},{'S': '36.5232'},{'S': '0'},{'S': 'sensor_char7'},{'S': '12.5363'},{'S': '56'},"{'S': '05/15/2023, 15:37:54'}"
264,{'S': '49.2013'},{'S': '19.0091'},{'S': '0'},{'S': '36.8281'},{'S': '0'},{'S': 'sensor_char7'},{'S': '12.1574'},{'S': '0'},"{'S': '05/15/2023, 17:22:27'}"
265,{'S': '49.3342'},{'S': '19.7836'},{'S': '0'},{'S': '37.0207'},{'S': '0'},{'S': 'sensor_char7'},{'S': '12.328'},{'S': '0'},"{'S': '05/15/2023, 16:39:49'}"
266,{'S': '50.1998'},{'S': '30.8468'},{'S': '0'},{'S': '36.3573'},{'S': '0'},{'S': 'sensor_char7'},{'S': '12.5073'},{'S': '0'},"{'S': '05/15/2023, 15:36:03'}"
267,{'S': '49.3395'},{'S': '29.8462'},{'S': '0'},{'S': '36.9083'},{'S': '0'},{'S': 'sensor_char7'},{'S': '12.1882'},{'S': '0'},"{'S': '05/15/2023, 17:17:53'}"
268,{'S': '49.3082'},{'S': '21.87'},{'S': '0'},{'S': '36.7158'},{'S': '0'},{'S': 'sensor_char7'},{'S': '12.4996'},{'S': '0'},"{'S': '05/15/2023, 15:24:13'}"
269,{'S': '49.8426'},{'S': '19.7732'},{'S': '0'},{'S': '36.9511'},{'S': '0'},{'S': 'sensor_char7'},{'S': '12.3252'},{'S': '0'},"{'S': '05/15/2023, 16:39:33'}"
270,{'S': '49.7722'},{'S': '30.8071'},{'S': '0'},{'S': '36.3948'},{'S': '0'},{'S': 'sensor_char7'},{'S': '12.5169'},{'S': '0'},"{'S': '05/15/2023, 15:36:25'}"
271,{'S': '50.2676'},{'S': '41.8589'},{'S': '0'},{'S': '36.6355'},{'S': '0'},{'S': 'sensor_char7'},{'S': '12.2482'},{'S': '0'},"{'S': '05/15/2023, 16:37:01'}"
272,{'S': '49.256'},{'S': '19.8146'},{'S': '0'},{'S': '37.0688'},{'S': '0'},{'S': 'sensor_char7'},{'S': '12.3031'},{'S': '0'},"{'S': '05/15/2023, 16:43:29'}"
273,{'S': '49.3473'},{'S': '21.6368'},{'S': '0'},{'S': '37.0902'},{'S': '0'},{'S': 'sensor_char7'},{'S': '12.3021'},{'S': '0'},"{'S': '05/15/2023, 16:43:29'}"
274,{'S': '50.1529'},{'S': '17.9233'},{'S': '0'},{'S': '36.8816'},{'S': '0'},{'S': 'sensor_char7'},{'S': '12.4563'},{'S': '0'},"{'S': '05/15/2023, 15:42:22'}"
275,{'S': '49.243'},{'S': '25.4506'},{'S': '0'},{'S': '36.903'},{'S': '0'},{'S': 'sensor_char7'},{'S': '12.1692'},{'S': '0'},"{'S': '05/15/2023, 17:21:28'}"
276,{'S': '50.497'},{'S': '21.2971'},{'S': '0'},{'S': '36.2717'},{'S': '0'},{'S': 'sensor_char7'},{'S': '12.4236'},{'S': '0'},"{'S': '05/15/2023, 15:34:41'}"
277,{'S': '50.119'},{'S': '36.5269'},{'S': '0'},{'S': '36.5927'},{'S': '0'},{'S': 'sensor_char7'},{'S': '12.502'},{'S': '0'},"{'S': '05/15/2023, 15:38:46'}"
278,{'S': '52.5096'},{'S': '113.692'},{'S': '0'},{'S': '36.3734'},{'S': '0'},{'S': 'sensor_char7'},{'S': '12.562'},{'S': '0'},"{'S': '05/15/2023, 15:11:30'}"
279,{'S': '50.4188'},{'S': '24.2636'},{'S': '0'},{'S': '36.261'},{'S': '0'},{'S': 'sensor_char7'},{'S': '12.445'},{'S': '0'},"{'S': '05/15/2023, 15:35:04'}"
280,{'S': '53.2448'},{'S': '27.0833'},{'S': '0'},{'S': '36.138'},{'S': '0'},{'S': 'sensor_char7'},{'S': '12.5085'},{'S': '0'},"{'S': '05/15/2023, 15:06:48'}"
281,{'S': '49.535'},{'S': '24.6676'},{'S': '0'},{'S': '36.582'},{'S': '0'},{'S': 'sensor_char7'},{'S': '12.5347'},{'S': '0'},"{'S': '05/15/2023, 15:38:23'}"
282,{'S': '49.2925'},{'S': '18.7461'},{'S': '0'},{'S': '36.7104'},{'S': '0'},{'S': 'sensor_char7'},{'S': '12.5029'},{'S': '0'},"{'S': '05/15/2023, 15:24:05'}"
283,{'S': '50.5231'},{'S': '21.1411'},{'S': '0'},{'S': '36.2557'},{'S': '0'},{'S': 'sensor_char7'},{'S': '12.4364'},{'S': '0'},"{'S': '05/15/2023, 15:34:49'}"
284,{'S': '52.799'},{'S': '42.5999'},{'S': '0'},{'S': '36.1861'},{'S': '0'},{'S': 'sensor_char7'},{'S': '12.5543'},{'S': '0'},"{'S': '05/15/2023, 15:08:02'}"
285,{'S': '50.1529'},{'S': '29.231'},{'S': '0'},{'S': '36.9404'},{'S': '0'},{'S': 'sensor_char7'},{'S': '12.3048'},{'S': '0'},"{'S': '05/15/2023, 16:38:42'}"
286,{'S': '49.0892'},{'S': '29.6799'},{'S': '0'},{'S': '37.1437'},{'S': '0'},{'S': 'sensor_char7'},{'S': '12.3422'},{'S': '0'},"{'S': '05/15/2023, 16:45:27'}"
287,{'S': '50.2754'},{'S': '21.095'},{'S': '0'},{'S': '36.78'},{'S': '0'},{'S': 'sensor_char7'},{'S': '12.4572'},{'S': '0'},"{'S': '05/15/2023, 15:40:35'}"
288,{'S': '50.1841'},{'S': '29.0148'},{'S': '0'},{'S': '36.5178'},{'S': '0'},{'S': 'sensor_char7'},{'S': '12.52'},{'S': '0'},"{'S': '05/15/2023, 15:38:38'}"
289,{'S': '49.1413'},{'S': '20.5539'},{'S': '-1'},{'S': '37.0421'},{'S': '0'},{'S': 'sensor_char7'},{'S': '12.3163'},{'S': '-1'},"{'S': '05/15/2023, 16:42:19'}"
290,{'S': '48.8181'},{'S': '36.2049'},{'S': '-1'},{'S': '37.2186'},{'S': '0'},{'S': 'sensor_char7'},{'S': '12.3645'},{'S': '-1'},"{'S': '05/15/2023, 16:48:00'}"
291,{'S': '49.1257'},{'S': '22.6325'},{'S': '0'},{'S': '37.1705'},{'S': '0'},{'S': 'sensor_char7'},{'S': '12.3473'},{'S': '0'},"{'S': '05/15/2023, 16:45:46'}"
292,{'S': '52.7938'},{'S': '43.3242'},{'S': '0'},{'S': '36.2289'},{'S': '0'},{'S': 'sensor_char7'},{'S': '12.5572'},{'S': '0'},"{'S': '05/15/2023, 15:08:39'}"
293,{'S': '49.2195'},{'S': '31.6552'},{'S': '0'},{'S': '36.8442'},{'S': '0'},{'S': 'sensor_char7'},{'S': '12.173'},{'S': '0'},"{'S': '05/15/2023, 17:20:06'}"
294,{'S': '52.5148'},{'S': '111.904'},{'S': '0'},{'S': '36.4162'},{'S': '0'},{'S': 'sensor_char7'},{'S': '12.5612'},{'S': '0'},"{'S': '05/15/2023, 15:11:15'}"
295,{'S': '49.3342'},{'S': '31.3803'},{'S': '0'},{'S': '36.7051'},{'S': '0'},{'S': 'sensor_char7'},{'S': '12.4879'},{'S': '0'},"{'S': '05/15/2023, 15:24:20'}"
296,{'S': '49.0396'},{'S': '22.0801'},{'S': '0'},{'S': '37.1919'},{'S': '0'},{'S': 'sensor_char7'},{'S': '12.3491'},{'S': '0'},"{'S': '05/15/2023, 16:46:16'}"
297,{'S': '49.4411'},{'S': '23.0605'},{'S': '0'},{'S': '36.6248'},{'S': '0'},{'S': 'sensor_char7'},{'S': '12.5021'},{'S': '0'},"{'S': '05/15/2023, 15:23:36'}"
298,{'S': '49.011'},{'S': '24.9322'},{'S': '0'},{'S': '37.1651'},{'S': '0'},{'S': 'sensor_char7'},{'S': '12.3523'},{'S': '0'},"{'S': '05/15/2023, 16:46:23'}"
299,{'S': '50.6534'},{'S': '22.8422'},{'S': '0'},{'S': '36.2182'},{'S': '0'},{'S': 'sensor_char7'},{'S': '12.4231'},{'S': '0'},"{'S': '05/15/2023, 15:34:27'}"
300,{'S': '49.17'},{'S': '26.9881'},{'S': '0'},{'S': '37.1705'},{'S': '0'},{'S': 'sensor_char7'},{'S': '12.3453'},{'S': '0'},"{'S': '05/15/2023, 16:45:39'}"
301,{'S': '49.2065'},{'S': '29.4336'},{'S': '0'},{'S': '36.8869'},{'S': '0'},{'S': 'sensor_char7'},{'S': '12.1649'},{'S': '0'},"{'S': '05/15/2023, 17:21:35'}"
302,{'S': '48.7894'},{'S': '36.9921'},{'S': '-1'},{'S': '37.2293'},{'S': '0'},{'S': 'sensor_char7'},{'S': '12.3648'},{'S': '-1'},"{'S': '05/15/2023, 16:48:07'}"
303,{'S': '49.4646'},{'S': '23.4528'},{'S': '0'},{'S': '36.9565'},{'S': '0'},{'S': 'sensor_char7'},{'S': '12.179'},{'S': '0'},"{'S': '05/15/2023, 17:17:09'}"
304,{'S': '49.4698'},{'S': '31.925'},{'S': '0'},{'S': '36.6837'},{'S': '0'},{'S': 'sensor_char7'},{'S': '12.4997'},{'S': '0'},"{'S': '05/15/2023, 15:23:28'}"
305,{'S': '49.17'},{'S': '19.334'},{'S': '0'},{'S': '36.8495'},{'S': '0'},{'S': 'sensor_char7'},{'S': '12.154'},{'S': '0'},"{'S': '05/15/2023, 17:22:57'}"
